Year,Pick,ADP,Player,Position,Price,Team
2015,1,6.1,Julio Jones,WR, $53.00 ,Pig
2015,2,,Connor Barth,K, $1.00 ,Luck At My Horse
2015,3,,Stephen Gostkowski,K, $1.00 ,Pig
2015,4,,Adam Vinatieri,K, $1.00 ,Greg Jennings for $1
2015,5,,Mason Crosby,K, $2.00 ,JPPBentBowedBroken
2015,6,,Justin Tucker,K, $1.00 ,★☆My Lofty Po...
2015,7,,Steven Hauschka,K, $1.00 ,Revenge of the Goose
2015,8,,Dan Bailey,K, $2.00 ,Geno-mics
2015,9,,Caleb Sturgis,K, $1.00 ,Marshawntourage
2015,10,23,T.Y. Hilton,WR, $43.00 ,Dorenbos Horn
2015,11,,Phil Dawson,K, $1.00 ,It Was A SQUIBMAN
2015,12,,Matt Bryant,K, $1.00 ,Tick Dicklers
2015,13,39.4,Amari Cooper,WR, $15.00 ,touchdown tom's men
2015,14,13.3,Rob Gronkowski,TE, $48.00 ,JPPBentBowedBroken
2015,15,,Seattle,DEF, $5.00 ,Dorenbos Horn
2015,16,13.8,Matt Forte,RB, $53.00 ,Pig
2015,17,,Houston,DEF, $2.00 ,Marshawntourage
2015,18,3.1,Antonio Brown,WR, $62.00 ,11mmy Johnson
2015,19,,Cody Parkey,K, $1.00 ,Champ TBNL
2015,20,48.2,Carlos Hyde,RB, $29.00 ,It Was A SQUIBMAN
2015,21,,Buffalo,DEF, $3.00 ,JPPBentBowedBroken
2015,22,,Blair Walsh,K, $2.00 ,Dorenbos Horn
2015,23,17.5,DeMarco Murray,RB, $49.00 ,It Was A SQUIBMAN
2015,24,28.8,DeAndre Hopkins,WR, $30.00 ,Geno-mics
2015,25,,New York,DEF, $2.00 ,Pig
2015,26,16.9,Randall Cobb,WR, $39.00 ,It Was A SQUIBMAN
2015,27,85.8,Tom Brady,QB, $21.00 ,touchdown tom's men
2015,28,11.1,C.J. Anderson,RB, $51.00 ,Luck At My Horse
2015,29,8.3,Marshawn Lynch,RB, $56.00 ,Marshawntourage
2015,30,10.4,Odell Beckham Jr.,WR, $56.00 ,JPPBentBowedBroken
2015,31,45.9,Greg Olsen,TE, $24.00 ,★☆My Lofty Po...
2015,32,,Miami,DEF, $1.00 ,Greg Jennings for $1
2015,33,25,Jordan Matthews,WR, $28.00 ,It Was A SQUIBMAN
2015,34,28.3,Frank Gore,RB, $29.00 ,★☆My Lofty Po...
2015,35,4.7,Eddie Lacy,RB, $63.00 ,Champ TBNL
2015,36,,Los Angeles,DEF, $1.00 ,11mmy Johnson
2015,37,22.1,LeSean McCoy,RB, $42.00 ,Luck At My Horse
2015,38,89.2,Ryan Tannehill,QB, $13.00 ,Geno-mics
2015,39,16.8,Andrew Luck,QB, $43.00 ,★☆My Lofty Po...
2015,40,19.4,Justin Forsett,RB, $39.00 ,Greg Jennings for $1
2015,41,33.8,Jimmy Graham,TE, $33.00 ,touchdown tom's men
2015,42,31.3,Mark Ingram,RB, $31.00 ,Revenge of the Goose
2015,43,,Philadelphia,DEF, $1.00 ,touchdown tom's men
2015,44,23.7,Lamar Miller,RB, $33.00 ,touchdown tom's men
2015,45,67.2,Russell Wilson,QB, $23.00 ,11mmy Johnson
2015,46,2.1,Adrian Peterson,RB, $58.00 ,Tick Dicklers
2015,47,14.8,Jeremy Hill,RB, $49.00 ,Geno-mics
2015,48,48.4,Keenan Allen,WR, $19.00 ,touchdown tom's men
2015,49,57.5,Drew Brees,QB, $23.00 ,Revenge of the Goose
2015,50,,Nick Novak,K, $1.00 ,11mmy Johnson
2015,51,12.5,Calvin Johnson,WR, $48.00 ,Greg Jennings for $1
2015,52,38.2,Andre Johnson,WR, $25.00 ,Champ TBNL
2015,53,3.6,Jamaal Charles,RB, $66.00 ,touchdown tom's men
2015,54,46.4,Joseph Randle,RB, $19.00 ,Luck At My Horse
2015,55,63.9,T.J. Yeldon,RB, $20.00 ,★☆My Lofty Po...
2015,56,27.8,Aaron Rodgers,QB, $37.00 ,Dorenbos Horn
2015,57,,Andrew Franks,K, $1.00 ,touchdown tom's men
2015,58,20.2,Brandin Cooks,WR, $25.00 ,★☆My Lofty Po...
2015,59,3.1,Le'Veon Bell,RB, $63.00 ,11mmy Johnson
2015,60,43.6,Alfred Morris,RB, $26.00 ,Pig
2015,61,7.6,Dez Bryant,WR, $54.00 ,Marshawntourage
2015,62,116.7,Cam Newton,QB, $11.00 ,Pig
2015,63,,Jordy Nelson,WR, $47.00 ,Geno-mics
2015,64,62.6,Ben Roethlisberger,QB, $15.00 ,Marshawntourage
2015,65,24.7,Alshon Jeffery,WR, $37.00 ,Champ TBNL
2015,66,53.7,Jonathan Stewart,RB, $29.00 ,Greg Jennings for $1
2015,67,,Denver,DEF, $1.00 ,It Was A SQUIBMAN
2015,68,16.4,A.J. Green,WR, $41.00 ,Revenge of the Goose
2015,69,32.4,Emmanuel Sanders,WR, $32.00 ,Tick Dicklers
2015,70,34.1,Latavius Murray,RB, $32.00 ,Dorenbos Horn
2015,71,74,DeSean Jackson,WR, $14.00 ,It Was A SQUIBMAN
2015,72,42.3,Golden Tate,WR, $18.00 ,Dorenbos Horn
2015,73,68,Vincent Jackson,WR, $14.00 ,Dorenbos Horn
2015,74,42.6,Andre Ellington,RB, $22.00 ,Greg Jennings for $1
2015,75,,Indianapolis,DEF, $1.00 ,Champ TBNL
2015,76,35.7,Jarvis Landry,WR, $15.00 ,Greg Jennings for $1
2015,77,9.1,Demaryius Thomas,WR, $51.00 ,Luck At My Horse
2015,78,55.3,Peyton Manning,QB, $22.00 ,It Was A SQUIBMAN
2015,79,49.8,Brandon Marshall,WR, $14.00 ,Dorenbos Horn
2015,80,51.5,Melvin Gordon,RB, $35.00 ,Revenge of the Goose
2015,81,79.6,Tony Romo,QB, $11.00 ,Tick Dicklers
2015,82,41,Ameer Abdullah,RB, $18.00 ,Marshawntourage
2015,83,86.7,Darren McFadden,RB, $7.00 ,Marshawntourage
2015,84,71.6,Danny Woodhead,RB, $4.00 ,Greg Jennings for $1
2015,85,30.3,Mike Evans,WR, $42.00 ,JPPBentBowedBroken
2015,86,75.9,Matt Ryan,QB, $10.00 ,JPPBentBowedBroken
2015,87,52.8,Travis Kelce,TE, $23.00 ,Greg Jennings for $1
2015,88,94.4,Matthew Stafford,QB, $9.00 ,Greg Jennings for $1
2015,89,86.6,Sam Bradford,QB, $12.00 ,Champ TBNL
2015,90,72.9,Giovani Bernard,RB, $10.00 ,Revenge of the Goose
2015,91,68.9,Martavis Bryant,WR, $24.00 ,Tick Dicklers
2015,92,102.6,Eli Manning,QB, $9.00 ,Dorenbos Horn
2015,93,45.8,Julian Edelman,WR, $26.00 ,Revenge of the Goose
2015,94,57.1,C.J. Spiller,RB, $20.00 ,Tick Dicklers
2015,95,129.8,Zach Ertz,TE, $6.00 ,Dorenbos Horn
2015,96,59.7,Todd Gurley,RB, $15.00 ,Tick Dicklers
2015,97,62.5,Sammy Watkins,WR, $20.00 ,Pig
2015,98,113,Philip Rivers,QB, $7.00 ,Luck At My Horse
2015,99,69.4,LeGarrette Blount,RB, $12.00 ,Champ TBNL
2015,100,62,Martellus Bennett,TE, $14.00 ,Revenge of the Goose
2015,101,91.9,Jason Witten,TE, $11.00 ,Tick Dicklers
2015,102,39.6,Jeremy Maclin,WR, $16.00 ,11mmy Johnson
2015,103,54.7,Allen Robinson,WR, $17.00 ,Marshawntourage
2015,104,45.2,Arian Foster,RB, $16.00 ,11mmy Johnson
2015,105,,Arizona,DEF, $2.00 ,Revenge of the Goose
2015,106,121.5,Teddy Bridgewater,QB, $6.00 ,Champ TBNL
2015,107,126.6,Michael Floyd,WR, $5.00 ,11mmy Johnson
2015,108,49.9,Chris Ivory,RB, $16.00 ,JPPBentBowedBroken
2015,109,78.3,Jordan Cameron,TE, $8.00 ,Pig
2015,110,81.4,Rashad Jennings,RB, $14.00 ,Pig
2015,111,101,Roddy White,WR, $8.00 ,Luck At My Horse
2015,112,105.3,Isaiah Crowell,RB, $13.00 ,Geno-mics
2015,113,73.9,Steve Smith Sr.,WR, $5.00 ,Dorenbos Horn
2015,114,56.8,Nelson Agholor,WR, $14.00 ,Marshawntourage
2015,115,37,Doug Martin,RB, $18.00 ,Champ TBNL
2015,116,78.6,Joique Bell,RB, $10.00 ,★☆My Lofty Po...
2015,117,102.9,Eric Decker,WR, $7.00 ,Luck At My Horse
2015,118,97.4,Anquan Boldin,WR, $7.00 ,Revenge of the Goose
2015,119,79.7,Victor Cruz,WR, $9.00 ,Tick Dicklers
2015,120,122.8,Julius Thomas,TE, $6.00 ,Luck At My Horse
2015,121,139.4,Antonio Gates,TE, $3.00 ,It Was A SQUIBMAN
2015,122,65.7,John Brown,WR, $7.00 ,Geno-mics
2015,123,137.3,Breshad Perriman,WR, $4.00 ,★☆My Lofty Po...
2015,124,77.4,Ryan Mathews,RB, $7.00 ,Champ TBNL
2015,125,95.5,Bishop Sankey,RB, $6.00 ,Pig
2015,126,98.3,Tre Mason,RB, $10.00 ,Tick Dicklers
2015,127,154.8,Jay Cutler,QB, $2.00 ,Pig
2015,128,94.7,Devin Funchess,WR, $6.00 ,★☆My Lofty Po...
2015,129,147.4,Joe Flacco,QB, $2.00 ,Dorenbos Horn
2015,130,129.2,Brandon LaFell,WR, $4.00 ,Tick Dicklers
2015,131,105,Delanie Walker,TE, $3.00 ,Champ TBNL
2015,132,75.1,Shane Vereen,RB, $9.00 ,★☆My Lofty Po...
2015,133,91.2,Mike Wallace,WR, $5.00 ,touchdown tom's men
2015,134,,Charles Clay,TE, $1.00 ,11mmy Johnson
2015,135,82.5,Larry Fitzgerald,WR, $3.00 ,Revenge of the Goose
2015,136,107,Darren Sproles,RB, $5.00 ,Geno-mics
2015,137,,Marcus Mariota,QB, $2.00 ,Dorenbos Horn
2015,138,,Baltimore,DEF, $1.00 ,Tick Dicklers
2015,139,84.7,Alfred Blue,RB, $5.00 ,JPPBentBowedBroken
2015,140,93.4,Tevin Coleman,RB, $6.00 ,Dorenbos Horn
2015,141,127.6,Carson Palmer,QB, $4.00 ,Geno-mics
2015,142,33.6,Davante Adams,WR, $5.00 ,JPPBentBowedBroken
2015,143,154.7,Andre Williams,RB, $2.00 ,Dorenbos Horn
2015,144,,Andy Dalton,QB, $2.00 ,JPPBentBowedBroken
2015,145,84.9,Eddie Royal,WR, $10.00 ,Geno-mics
2015,146,96.1,Tyler Eifert,TE, $6.00 ,★☆My Lofty Po...
2015,147,,Branden Oliver,RB, $1.00 ,Revenge of the Goose
2015,148,128.3,Torrey Smith,WR, $1.00 ,11mmy Johnson
2015,149,90.9,Owen Daniels,TE, $10.00 ,Geno-mics
2015,150,110,Brian Quick,WR, $3.00 ,Geno-mics
2015,151,,Coby Fleener,TE, $1.00 ,It Was A SQUIBMAN
2015,152,145.9,Colin Kaepernick,QB, $2.00 ,11mmy Johnson
2015,153,105.5,Duke Johnson Jr.,RB, $8.00 ,Champ TBNL
2015,154,126.7,Reggie Bush,RB, $4.00 ,★☆My Lofty Po...
2015,155,100.1,Devonta Freeman,RB, $5.00 ,11mmy Johnson
2015,156,,Dwayne Bowe,WR, $1.00 ,Pig
2015,157,159.4,Jameis Winston,QB, $2.00 ,Revenge of the Goose
2015,158,61.2,Charles Johnson,WR, $5.00 ,Greg Jennings for $1
2015,159,,Nick Foles,QB, $3.00 ,★☆My Lofty Po...
2015,160,114.1,Marques Colston,WR, $3.00 ,Revenge of the Goose
2015,161,93.3,Kendall Wright,WR, $2.00 ,JPPBentBowedBroken
2015,162,,Eric Ebron,TE, $1.00 ,Marshawntourage
2015,163,16.9,David Cobb,RB, $6.00 ,JPPBentBowedBroken
2015,164,,Cody Latimer,WR, $4.00 ,Geno-mics
2015,165,,Derek Carr,QB, $1.00 ,Tick Dicklers
2015,166,156.2,Rueben Randle,WR, $2.00 ,It Was A SQUIBMAN
2015,167,,Daniel Herron,RB, $1.00 ,touchdown tom's men
2015,168,,Montee Ball,RB, $4.00 ,Champ TBNL
2015,169,102.7,Stevie Johnson,WR, $2.00 ,Champ TBNL
2015,170,118.4,Pierre Garcon,WR, $5.00 ,★☆My Lofty Po...
2015,171,117.2,DeVante Parker,WR, $2.00 ,Luck At My Horse
2015,172,,Green Bay,DEF, $9.00 ,★☆My Lofty Po...
2015,173,,Terrance West,RB, $1.00 ,Revenge of the Goose
2015,174,15.7,Charles Sims,RB, $2.00 ,Marshawntourage
2015,175,156.3,Kenny Stills,WR, $5.00 ,Marshawntourage
2015,176,,Cincinnati,DEF, $1.00 ,Geno-mics
2015,177,,Donte Moncrief,WR, $1.00 ,It Was A SQUIBMAN
2015,178,119,Kyle Rudolph,TE, $1.00 ,Tick Dicklers
2015,179,124.8,Knile Davis,RB, $2.00 ,It Was A SQUIBMAN
2015,180,,Ryan Mallett,QB, $1.00 ,touchdown tom's men
2015,181,134.1,Matt Jones,RB, $1.00 ,Luck At My Horse
2015,182,154.3,Denard Robinson,RB, $4.00 ,Marshawntourage
2015,183,132.2,Brandon Coleman,WR, $1.00 ,Greg Jennings for $1
2015,184,156.5,Vernon Davis,TE, $1.00 ,Champ TBNL
2015,185,158.2,Percy Harvin,WR, $1.00 ,11mmy Johnson
2015,186,143,Roy Helu Jr.,RB, $3.00 ,Marshawntourage
2015,187,151.1,Fred Jackson,RB, $2.00 ,Tick Dicklers
2015,188,,Robert Griffin III,QB, $1.00 ,It Was A SQUIBMAN
2015,189,,Jerick McKinnon,RB, $1.00 ,JPPBentBowedBroken
2015,190,111.5,Terrance Williams,WR, $1.00 ,touchdown tom's men
2015,191,,New England,DEF, $1.00 ,Luck At My Horse
2015,192,,Stevan Ridley,RB, $1.00 ,Pig
2015,193,137,Marvin Jones Jr.,WR, $1.00 ,Greg Jennings for $1
2015,194,127.1,DeAngelo Williams,RB, $3.00 ,It Was A SQUIBMAN
2015,195,,Harry Douglas,WR, $1.00 ,Marshawntourage
2015,196,,Lorenzo Taliaferro,RB, $2.00 ,Geno-mics
2015,197,,Darrius Heyward-Bey,WR, $1.00 ,JPPBentBowedBroken
2015,198,88.3,Markus Wheaton,WR, $1.00 ,touchdown tom's men
2015,199,,Doug Baldwin,WR, $1.00 ,Luck At My Horse
2015,200,,Danny Amendola,WR, $1.00 ,Pig
2015,201,,Heath Miller,TE, $1.00 ,Greg Jennings for $1
2015,202,123.3,David Johnson,RB, $1.00 ,11mmy Johnson
2015,203,154,Austin Seferian-Jenkins,TE, $1.00 ,JPPBentBowedBroken
2015,204,145.3,Dwayne Allen,TE, $1.00 ,touchdown tom's men
2015,205,134.8,Michael Crabtree,WR, $2.00 ,Luck At My Horse
2015,206,,Jordan Reed,TE, $1.00 ,Pig
2015,207,145,Jonas Gray,RB, $2.00 ,11mmy Johnson
2015,208,,Kenny Britt,WR, $1.00 ,touchdown tom's men
2015,209,,Alex Smith,QB, $1.00 ,Luck At My Horse
2015,210,,Greg Jennings,WR, $1.00 ,Greg Jennings for $1
2014,1,,Stephen Gostkowski,K, $1.00 ,Bradshawntourage
2014,2,,Blair Walsh,K, $1.00 ,this some BULL NIPS
2014,3,,LeSean McCoy,RB, $64.00 ,Bradshawntourage
2014,4,,Matt Prater,K, $2.00 ,Luck At My Horse
2014,5,,Steven Hauschka,K, $1.00 ,Greg Jennings for $9
2014,6,,Justin Tucker,K, $2.00 ,★☆My Lofty Po...
2014,7,,Dan Bailey,K, $1.00 ,Worldwide Caliphrat
2014,8,,Mason Crosby,K, $1.00 ,GooseHat
2014,9,,Adam Vinatieri,K, $1.00 ,Speed Welkers
2014,10,,Shayne Graham,K, $1.00 ,PhiladelphiaSmeagols
2014,11,,Seattle,DEF, $4.00 ,Worldwide Caliphrat
2014,12,,San Francisco,DEF, $2.00 ,PhiladelphiaSmeagols
2014,13,,Carolina,DEF, $2.00 ,Literally Machump
2014,14,,Los Angeles,DEF, $1.00 ,this some BULL NIPS
2014,15,,Phil Dawson,K, $1.00 ,Helmut Catch
2014,16,,Nick Novak,K, $1.00 ,Literally Machump
2014,17,,New England,DEF, $1.00 ,Greg Jennings for $9
2014,18,,Cincinnati,DEF, $1.00 ,#Faust
2014,19,,Calvin Johnson,WR, $61.00 ,this some BULL NIPS
2014,20,,Arizona,DEF, $1.00 ,GooseHat
2014,21,,Kansas City,DEF, $1.00 ,Speed Welkers
2014,22,,Jamaal Charles,RB, $75.00 ,Worldwide Caliphrat
2014,23,,Cleveland,DEF, $1.00 ,★☆My Lofty Po...
2014,24,,Denver,DEF, $1.00 ,Luck At My Horse
2014,25,,Tampa Bay,DEF, $1.00 ,Bradshawntourage
2014,26,,Randall Cobb,WR, $35.00 ,Helmut Catch
2014,27,,Buffalo,DEF, $1.00 ,Helmut Catch
2014,28,,Jimmy Graham,TE, $53.00 ,Helmut Catch
2014,29,,Marshawn Lynch,RB, $50.00 ,Helmut Catch
2014,30,,Eddie Lacy,RB, $55.00 ,★☆My Lofty Po...
2014,31,,Adrian Peterson,RB, $57.00 ,this some BULL NIPS
2014,32,,Andre Ellington,RB, $36.00 ,Greg Jennings for $9
2014,33,,Matt Forte,RB, $69.00 ,Speed Welkers
2014,34,,Giovani Bernard,RB, $41.00 ,GooseHat
2014,35,,Le'Veon Bell,RB, $40.00 ,Literally Machump
2014,36,,Cordarrelle Patterson,WR, $22.00 ,PhiladelphiaSmeagols
2014,37,,Arian Foster,RB, $39.00 ,Luck At My Horse
2014,38,,Bishop Sankey,RB, $22.00 ,PhiladelphiaSmeagols
2014,39,,DeMarco Murray,RB, $48.00 ,Greg Jennings for $9
2014,40,,Peyton Manning,QB, $47.00 ,#Faust
2014,41,,Montee Ball,RB, $46.00 ,Literally Machump
2014,42,,C.J. Spiller,RB, $26.00 ,Helmut Catch
2014,43,,Dez Bryant,WR, $51.00 ,Luck At My Horse
2014,44,,Brandon Marshall,WR, $46.00 ,Literally Machump
2014,45,,Julio Jones,WR, $46.00 ,Worldwide Caliphrat
2014,46,,Alfred Morris,RB, $31.00 ,GooseHat
2014,47,,Doug Martin,RB, $32.00 ,#Faust
2014,48,,Julius Thomas,TE, $31.00 ,Literally Machump
2014,49,,Toby Gerhart,RB, $23.00 ,Luck At My Horse
2014,50,,Alshon Jeffery,WR, $38.00 ,this some BULL NIPS
2014,51,,Demaryius Thomas,WR, $55.00 ,PhiladelphiaSmeagols
2014,52,,Drew Brees,QB, $36.00 ,GooseHat
2014,53,,Jordy Nelson,WR, $41.00 ,Bradshawntourage
2014,54,,Aaron Rodgers,QB, $41.00 ,PhiladelphiaSmeagols
2014,55,,Ray Rice,RB, $21.00 ,Luck At My Horse
2014,56,,Reggie Bush,RB, $26.00 ,Worldwide Caliphrat
2014,57,,Rob Gronkowski,TE, $26.00 ,PhiladelphiaSmeagols
2014,58,,Frank Gore,RB, $14.00 ,★☆My Lofty Po...
2014,59,,Fred Jackson,RB, $10.00 ,Speed Welkers
2014,60,,Vernon Davis,TE, $16.00 ,this some BULL NIPS
2014,61,,Zac Stacy,RB, $30.00 ,Bradshawntourage
2014,62,,Josh Gordon,WR, $3.00 ,this some BULL NIPS
2014,63,,Ryan Mathews,RB, $18.00 ,PhiladelphiaSmeagols
2014,64,,Matt Ryan,QB, $13.00 ,Literally Machump
2014,65,,Antonio Brown,WR, $40.00 ,Greg Jennings for $9
2014,66,,Matthew Stafford,QB, $18.00 ,★☆My Lofty Po...
2014,67,,Jordan Cameron,TE, $15.00 ,Speed Welkers
2014,68,,Tom Brady,QB, $18.00 ,Greg Jennings for $9
2014,69,,A.J. Green,WR, $47.00 ,★☆My Lofty Po...
2014,70,,Jeremy Maclin,WR, $13.00 ,Helmut Catch
2014,71,,Victor Cruz,WR, $24.00 ,Speed Welkers
2014,72,,Carlos Hyde,RB, $4.00 ,Luck At My Horse
2014,73,,Cam Newton,QB, $13.00 ,Speed Welkers
2014,74,,Colin Kaepernick,QB, $8.00 ,Worldwide Caliphrat
2014,75,,Keenan Allen,WR, $29.00 ,Bradshawntourage
2014,76,,Robert Griffin III,QB, $6.00 ,GooseHat
2014,77,,Vincent Jackson,WR, $25.00 ,GooseHat
2014,78,,Tony Romo,QB, $2.00 ,Helmut Catch
2014,79,,Jason Witten,TE, $14.00 ,#Faust
2014,80,,Rashad Jennings,RB, $18.00 ,#Faust
2014,81,,Emmanuel Sanders,WR, $9.00 ,Luck At My Horse
2014,82,,Trent Richardson,RB, $14.00 ,#Faust
2014,83,,Roddy White,WR, $24.00 ,Greg Jennings for $9
2014,84,,Percy Harvin,WR, $16.00 ,★☆My Lofty Po...
2014,85,,Larry Fitzgerald,WR, $24.00 ,GooseHat
2014,86,,Brock Osweiler,QB, $1.00 ,this some BULL NIPS
2014,87,,DeSean Jackson,WR, $15.00 ,#Faust
2014,88,,Andrew Luck,QB, $15.00 ,Luck At My Horse
2014,89,,Shane Vereen,RB, $20.00 ,Luck At My Horse
2014,90,,Greg Olsen,TE, $7.00 ,Worldwide Caliphrat
2014,91,,Wes Welker,WR, $21.00 ,Bradshawntourage
2014,92,,Chris Johnson,RB, $9.00 ,#Faust
2014,93,,Terrance Williams,WR, $7.00 ,Speed Welkers
2014,94,,Marques Colston,WR, $10.00 ,Helmut Catch
2014,95,,Torrey Smith,WR, $8.00 ,★☆My Lofty Po...
2014,96,,Nick Foles,QB, $10.00 ,#Faust
2014,97,,Jay Cutler,QB, $5.00 ,Bradshawntourage
2014,98,,Andre Johnson,WR, $23.00 ,#Faust
2014,99,,Michael Crabtree,WR, $13.00 ,Worldwide Caliphrat
2014,100,,Russell Wilson,QB, $5.00 ,this some BULL NIPS
2014,101,,Jordan Reed,TE, $3.00 ,Greg Jennings for $9
2014,102,,Dennis Pitta,TE, $8.00 ,GooseHat
2014,103,,Eric Decker,WR, $5.00 ,this some BULL NIPS
2014,104,,Julian Edelman,WR, $14.00 ,Speed Welkers
2014,105,,Joique Bell,RB, $14.00 ,GooseHat
2014,106,,Pierre Garcon,WR, $14.00 ,Worldwide Caliphrat
2014,107,,Andy Dalton,QB, $1.00 ,★☆My Lofty Po...
2014,108,,Michael Floyd,WR, $14.00 ,Greg Jennings for $9
2014,109,,Pierre Thomas,RB, $6.00 ,#Faust
2014,110,,Stevan Ridley,RB, $5.00 ,Greg Jennings for $9
2014,111,,Lamar Miller,RB, $8.00 ,Speed Welkers
2014,112,,T.Y. Hilton,WR, $10.00 ,Speed Welkers
2014,113,,Kendall Wright,WR, $9.00 ,Luck At My Horse
2014,114,,Zach Ertz,TE, $4.00 ,★☆My Lofty Po...
2014,115,,Mike Wallace,WR, $9.00 ,Literally Machump
2014,116,,Reggie Wayne,WR, $8.00 ,#Faust
2014,117,,Philip Rivers,QB, $5.00 ,Speed Welkers
2014,118,,Riley Cooper,WR, $1.00 ,PhiladelphiaSmeagols
2014,119,,Kyle Rudolph,TE, $3.00 ,★☆My Lofty Po...
2014,120,,Martellus Bennett,TE, $3.00 ,Speed Welkers
2014,121,,Danny Woodhead,RB, $9.00 ,Speed Welkers
2014,122,,Ben Tate,RB, $6.00 ,PhiladelphiaSmeagols
2014,123,,Darren Sproles,RB, $5.00 ,this some BULL NIPS
2014,124,,Golden Tate,WR, $8.00 ,GooseHat
2014,125,,Kelvin Benjamin,WR, $7.00 ,★☆My Lofty Po...
2014,126,,Cecil Shorts III,WR, $4.00 ,Literally Machump
2014,127,,Johnny Manziel,QB, $2.00 ,this some BULL NIPS
2014,128,,Bernard Pierce,RB, $3.00 ,★☆My Lofty Po...
2014,129,,Anquan Boldin,WR, $4.00 ,Speed Welkers
2014,130,,Ben Roethlisberger,QB, $2.00 ,Literally Machump
2014,131,,Brandin Cooks,WR, $6.00 ,★☆My Lofty Po...
2014,132,,Charles Clay,TE, $3.00 ,Luck At My Horse
2014,133,,Devonta Freeman,RB, $1.00 ,Bradshawntourage
2014,134,,Knowshon Moreno,RB, $2.00 ,Helmut Catch
2014,135,,Maurice Jones-Drew,RB, $3.00 ,Helmut Catch
2014,136,,Steven Jackson,RB, $5.00 ,Greg Jennings for $9
2014,137,,Rueben Randle,WR, $2.00 ,Greg Jennings for $9
2014,138,,Markus Wheaton,WR, $2.00 ,Bradshawntourage
2014,139,,Sammy Watkins,WR, $3.00 ,this some BULL NIPS
2014,140,,Terrance West,RB, $1.00 ,GooseHat
2014,141,,Heath Miller,TE, $1.00 ,PhiladelphiaSmeagols
2014,142,,Darren McFadden,RB, $3.00 ,★☆My Lofty Po...
2014,143,,Dwayne Bowe,WR, $2.00 ,PhiladelphiaSmeagols
2014,144,,Andre Williams,RB, $2.00 ,Literally Machump
2014,145,,Tavon Austin,WR, $1.00 ,this some BULL NIPS
2014,146,,Kenny Britt,WR, $1.00 ,Helmut Catch
2014,147,,LeGarrette Blount,RB, $2.00 ,GooseHat
2014,148,,Marvin Jones Jr.,WR, $1.00 ,Greg Jennings for $9
2014,149,,Justin Hunter,WR, $1.00 ,#Faust
2014,150,,Chris Ivory,RB, $1.00 ,Worldwide Caliphrat
2014,151,,Jeremy Hill,RB, $1.00 ,GooseHat
2014,152,,Ryan Tannehill,QB, $1.00 ,PhiladelphiaSmeagols
2014,153,,Kenny Stills,WR, $1.00 ,Luck At My Horse
2014,154,,Ladarius Green,TE, $1.00 ,Bradshawntourage
2014,155,,DeAngelo Williams,RB, $1.00 ,this some BULL NIPS
2014,156,,Mike Evans,WR, $1.00 ,Helmut Catch
2014,157,,James Jones,WR, $1.00 ,Literally Machump
2014,158,,Greg Jennings,WR, $1.00 ,Greg Jennings for $9
2014,159,,DeAndre Hopkins,WR, $1.00 ,#Faust
2014,160,,Brian Hartline,WR, $1.00 ,Worldwide Caliphrat
2014,161,,Danny Amendola,WR, $1.00 ,GooseHat
2014,162,,Hakeem Nicks,WR, $1.00 ,PhiladelphiaSmeagols
2014,163,,Jarrett Boykin,WR, $1.00 ,Luck At My Horse
2014,164,,Christine Michael,RB, $1.00 ,Bradshawntourage
2014,165,,Mark Ingram,RB, $1.00 ,Helmut Catch
2014,166,,Khiry Robinson,RB, $1.00 ,Literally Machump
2014,167,,Carson Palmer,QB, $1.00 ,Greg Jennings for $9
2014,168,,Jordan Matthews,WR, $1.00 ,#Faust
2014,169,,Justin Blackmon,WR, $1.00 ,Worldwide Caliphrat
2014,170,,James White,RB, $1.00 ,PhiladelphiaSmeagols
2014,171,,Marqise Lee,WR, $1.00 ,Luck At My Horse
2014,172,,Eric Ebron,TE, $1.00 ,Bradshawntourage
2014,173,,Eli Manning,QB, $1.00 ,Helmut Catch
2014,174,,Shonn Greene,RB, $1.00 ,Literally Machump
2014,175,,BenJarvus Green-Ellis,RB, $1.00 ,Worldwide Caliphrat
2014,176,,Andrew Hawkins,WR, $1.00 ,Bradshawntourage
2014,177,,Delanie Walker,TE, $1.00 ,Literally Machump
2014,178,,Joe Flacco,QB, $1.00 ,Worldwide Caliphrat
2014,179,,Jonathan Stewart,RB, $1.00 ,Bradshawntourage
2014,180,,Miles Austin,WR, $1.00 ,Worldwide Caliphrat
2013,1,,Justin Tucker,K, $1.00 ,Dumervil's Late Fax
2013,2,,Adrian Peterson,RB, $72.00 ,Newd Gingrich
2013,3,,Greg Jennings,WR, $9.00 ,Carmelo's Fellows
2013,4,,DeMarco Murray,RB, $20.00 ,Newd Gingrich
2013,5,,Dez Bryant,WR, $43.00 ,SCREAMING A. SMITH
2013,6,,Jamaal Charles,RB, $55.00 ,Ray Charles
2013,7,,Stephen Gostkowski,K, $1.00 ,Flock of Seageese
2013,8,,Matt Bryant,K, $1.00 ,Newd Gingrich
2013,9,,Doug Martin,RB, $65.00 ,Carmelo's Fellows
2013,10,,Calvin Johnson,WR, $61.00 ,Chip's Nips
2013,11,,C.J. Spiller,RB, $68.00 ,Ted Lasso Hotspurs
2013,12,,Bryce Brown,RB, $7.00 ,SCREAMING A. SMITH
2013,13,,Arian Foster,RB, $69.00 ,SilverLiningsGaybook
2013,14,,Phil Dawson,K, $2.00 ,GGGRedux #GooseFaust
2013,15,,Peyton Manning,QB, $35.00 ,Newd Gingrich
2013,16,,Aaron Rodgers,QB, $48.00 ,SCREAMING A. SMITH
2013,17,,LeSean McCoy,RB, $62.00 ,Flock of Seageese
2013,18,,Steven Jackson,RB, $38.00 ,Flock of Seageese
2013,19,,Julio Jones,WR, $46.00 ,Chip's Nips
2013,20,,Seattle,DEF, $2.00 ,GGGRedux #GooseFaust
2013,21,,San Francisco,DEF, $2.00 ,SCREAMING A. SMITH
2013,22,,Trent Richardson,RB, $54.00 ,Literally Pretty Bad
2013,23,,Russell Wilson,QB, $27.00 ,Ted Lasso Hotspurs
2013,24,,Colin Kaepernick,QB, $28.00 ,GGGRedux #GooseFaust
2013,25,,Matt Ryan,QB, $28.00 ,Flock of Seageese
2013,26,,Marshawn Lynch,RB, $58.00 ,Livin' on a Prater
2013,27,,Stevan Ridley,RB, $36.00 ,Livin' on a Prater
2013,28,,Drew Brees,QB, $45.00 ,Chip's Nips
2013,29,,A.J. Green,WR, $50.00 ,Literally Pretty Bad
2013,30,,Ray Rice,RB, $59.00 ,Ray Charles
2013,31,,Jason Witten,TE, $16.00 ,Chip's Nips
2013,32,,Chicago,DEF, $1.00 ,Newd Gingrich
2013,33,,Cincinnati,DEF, $2.00 ,Dumervil's Late Fax
2013,34,,Alfred Morris,RB, $52.00 ,GGGRedux #GooseFaust
2013,35,,Randall Cobb,WR, $34.00 ,Dumervil's Late Fax
2013,36,,Ben Tate,RB, $10.00 ,GGGRedux #GooseFaust
2013,37,,Eddie Lacy,RB, $17.00 ,Dumervil's Late Fax
2013,38,,Brandon Marshall,WR, $43.00 ,Dumervil's Late Fax
2013,39,,Roddy White,WR, $36.00 ,SCREAMING A. SMITH
2013,40,,Jimmy Graham,TE, $39.00 ,Ted Lasso Hotspurs
2013,41,,Chris Johnson,RB, $35.00 ,SilverLiningsGaybook
2013,42,,Larry Fitzgerald,WR, $36.00 ,Dumervil's Late Fax
2013,43,,Matt Forte,RB, $41.00 ,Livin' on a Prater
2013,44,,Cam Newton,QB, $36.00 ,Livin' on a Prater
2013,45,,Maurice Jones-Drew,RB, $37.00 ,Literally Pretty Bad
2013,46,,Tom Brady,QB, $33.00 ,Ray Charles
2013,47,,Danny Amendola,WR, $21.00 ,Ted Lasso Hotspurs
2013,48,,Eric Decker,WR, $14.00 ,Flock of Seageese
2013,49,,Matthew Stafford,QB, $22.00 ,Carmelo's Fellows
2013,50,,Demaryius Thomas,WR, $36.00 ,SilverLiningsGaybook
2013,51,,Tony Gonzalez,TE, $18.00 ,Flock of Seageese
2013,52,,Frank Gore,RB, $31.00 ,Carmelo's Fellows
2013,53,,Robert Griffin III,QB, $21.00 ,Literally Pretty Bad
2013,54,,David Wilson,RB, $19.00 ,Newd Gingrich
2013,55,,Denver,DEF, $1.00 ,Flock of Seageese
2013,56,,Andrew Luck,QB, $24.00 ,Dumervil's Late Fax
2013,57,,Houston,DEF, $1.00 ,Carmelo's Fellows
2013,58,,Victor Cruz,WR, $30.00 ,GGGRedux #GooseFaust
2013,59,,Reggie Bush,RB, $29.00 ,Carmelo's Fellows
2013,60,,Torrey Smith,WR, $22.00 ,SCREAMING A. SMITH
2013,61,,Andy Dalton,QB, $1.00 ,Dumervil's Late Fax
2013,62,,Andre Johnson,WR, $34.00 ,GGGRedux #GooseFaust
2013,63,,Rob Gronkowski,TE, $14.00 ,Newd Gingrich
2013,64,,Vincent Jackson,WR, $27.00 ,Newd Gingrich
2013,65,,Blair Walsh,K, $1.00 ,SilverLiningsGaybook
2013,66,,New England,DEF, $1.00 ,Literally Pretty Bad
2013,67,,Darren McFadden,RB, $23.00 ,SCREAMING A. SMITH
2013,68,,Kyle Rudolph,TE, $3.00 ,GGGRedux #GooseFaust
2013,69,,Jordy Nelson,WR, $18.00 ,Ray Charles
2013,70,,Matt Prater,K, $1.00 ,Livin' on a Prater
2013,71,,Reggie Wayne,WR, $17.00 ,Carmelo's Fellows
2013,72,,Darren Sproles,RB, $21.00 ,Flock of Seageese
2013,73,,Giovani Bernard,RB, $12.00 ,Dumervil's Late Fax
2013,74,,David Akers,K, $1.00 ,Chip's Nips
2013,75,,Sebastian Janikowski,K, $1.00 ,SCREAMING A. SMITH
2013,76,,Marques Colston,WR, $23.00 ,SilverLiningsGaybook
2013,77,,Los Angeles,DEF, $1.00 ,SilverLiningsGaybook
2013,78,,Mason Crosby,K, $1.00 ,Literally Pretty Bad
2013,79,,Dwayne Bowe,WR, $19.00 ,Ray Charles
2013,80,,Vernon Davis,TE, $13.00 ,Dumervil's Late Fax
2013,81,,Pierre Garcon,WR, $11.00 ,Carmelo's Fellows
2013,82,,Montee Ball,RB, $10.00 ,Chip's Nips
2013,83,,Daryl Richardson,RB, $7.00 ,Ted Lasso Hotspurs
2013,84,,Ahmad Bradshaw,RB, $8.00 ,GGGRedux #GooseFaust
2013,85,,DeAngelo Williams,RB, $8.00 ,Dumervil's Late Fax
2013,86,,Hakeem Nicks,WR, $16.00 ,Literally Pretty Bad
2013,87,,Wes Welker,WR, $16.00 ,SilverLiningsGaybook
2013,88,,Le'Veon Bell,RB, $6.00 ,Chip's Nips
2013,89,,Ben Roethlisberger,QB, $1.00 ,SilverLiningsGaybook
2013,90,,Ryan Mathews,RB, $13.00 ,Literally Pretty Bad
2013,91,,Jay Cutler,QB, $2.00 ,GGGRedux #GooseFaust
2013,92,,Greg Olsen,TE, $6.00 ,SCREAMING A. SMITH
2013,93,,Lamar Miller,RB, $9.00 ,GGGRedux #GooseFaust
2013,94,,Antonio Brown,WR, $12.00 ,Livin' on a Prater
2013,95,,T.Y. Hilton,WR, $7.00 ,Flock of Seageese
2013,96,,Emil Igwenagu (In,TE, $1.00 ,GGGRedux #GooseFaust
2013,97,,Jermaine Gresham,TE, $1.00 ,Dumervil's Late Fax
2013,98,,Arizona,DEF, $1.00 ,Chip's Nips
2013,99,,Tony Romo,QB, $4.00 ,Ted Lasso Hotspurs
2013,100,,Eli Manning,QB, $1.00 ,Ray Charles
2013,101,,Owen Daniels,TE, $1.00 ,SilverLiningsGaybook
2013,102,,Antonio Gates,TE, $2.00 ,SCREAMING A. SMITH
2013,103,,Mike Vick,QB, $5.00 ,Flock of Seageese
2013,104,,Jermichael Finley,TE, $1.00 ,Newd Gingrich
2013,105,,Matt Schaub,QB, $2.00 ,SCREAMING A. SMITH
2013,106,,James Jones,WR, $8.00 ,GGGRedux #GooseFaust
2013,107,,Mike Wallace,WR, $12.00 ,Ted Lasso Hotspurs
2013,108,,Tavon Austin,WR, $5.00 ,GGGRedux #GooseFaust
2013,109,,Fred Jackson,RB, $7.00 ,Ted Lasso Hotspurs
2013,110,,Chris Ivory,RB, $8.00 ,SilverLiningsGaybook
2013,111,,Rashard Mendenhall,RB, $8.00 ,Chip's Nips
2013,112,,Brandon Myers,TE, $2.00 ,Livin' on a Prater
2013,113,,BenJarvus Green-Ellis,RB, $4.00 ,SCREAMING A. SMITH
2013,114,,Jared Cook,TE, $2.00 ,Carmelo's Fellows
2013,115,,Cecil Shorts III,WR, $6.00 ,Ted Lasso Hotspurs
2013,116,,Andre Brown,RB, $3.00 ,GGGRedux #GooseFaust
2013,117,,Shane Vereen,RB, $3.00 ,Carmelo's Fellows
2013,118,,Kenbrell Thompkins,WR, $5.00 ,Livin' on a Prater
2013,119,,Sidney Rice,WR, $2.00 ,SCREAMING A. SMITH
2013,120,,Mark Ingram,RB, $1.00 ,Dumervil's Late Fax
2013,121,,DeSean Jackson,WR, $3.00 ,Ray Charles
2013,122,,Kenny Britt,WR, $2.00 ,Ted Lasso Hotspurs
2013,123,,Martellus Bennett,TE, $1.00 ,Ray Charles
2013,124,,Steve Smith Sr.,WR, $5.00 ,Newd Gingrich
2013,125,,Fred Davis,TE, $1.00 ,Literally Pretty Bad
2013,126,,Shonn Greene,RB, $1.00 ,Flock of Seageese
2013,127,,Ronnie Hillman,RB, $1.00 ,Newd Gingrich
2013,128,,Josh Gordon,WR, $1.00 ,Carmelo's Fellows
2013,129,,Stevie Johnson,WR, $6.00 ,Carmelo's Fellows
2013,130,,Vick Ballard,RB, $1.00 ,Ted Lasso Hotspurs
2013,131,,Bernard Pierce,RB, $3.00 ,Dumervil's Late Fax
2013,132,,Golden Tate,WR, $1.00 ,Chip's Nips
2013,133,,Jonathan Stewart,RB, $3.00 ,Dumervil's Late Fax
2013,134,,Robert Turbin,RB, $1.00 ,Ray Charles
2013,135,,Mike Williams,WR, $3.00 ,SilverLiningsGaybook
2013,136,,Miles Austin,WR, $4.00 ,Ray Charles
2013,137,,Isaiah Pead,RB, $1.00 ,Flock of Seageese
2013,138,,Anquan Boldin,WR, $3.00 ,Livin' on a Prater
2013,139,,Jacquizz Rodgers,RB, $1.00 ,Carmelo's Fellows
2013,140,,Joe Flacco,QB, $1.00 ,Livin' on a Prater
2013,141,,Chris Givens,WR, $1.00 ,Ted Lasso Hotspurs
2013,142,,Mikel Leshoure,RB, $1.00 ,Chip's Nips
2013,143,,Knowshon Moreno,RB, $1.00 ,SCREAMING A. SMITH
2013,144,,Danny Woodhead,RB, $2.00 ,Ted Lasso Hotspurs
2013,145,,Lance Moore,WR, $1.00 ,SilverLiningsGaybook
2013,146,,Philip Rivers,QB, $1.00 ,Literally Pretty Bad
2013,147,,Denarius Moore,WR, $1.00 ,Flock of Seageese
2013,148,,Emmanuel Sanders,WR, $1.00 ,Newd Gingrich
2013,149,,Carson Palmer,QB, $1.00 ,Carmelo's Fellows
2013,150,,Vincent Brown,WR, $1.00 ,Livin' on a Prater
2013,151,,Baltimore,DEF, $1.00 ,Ted Lasso Hotspurs
2013,152,,Justin Blackmon,WR, $1.00 ,Chip's Nips
2013,153,,Zac Stacy,RB, $1.00 ,SCREAMING A. SMITH
2013,154,,Jonathan Dwyer,RB, $1.00 ,Ray Charles
2013,155,,Pierre Thomas,RB, $2.00 ,SilverLiningsGaybook
2013,156,,Zach Sudfeld,TE, $2.00 ,Ray Charles
2013,157,,Johnathan Franklin,RB, $1.00 ,Flock of Seageese
2013,158,,Michael Floyd,WR, $1.00 ,Newd Gingrich
2013,159,,Garrett Hartley,K, $1.00 ,Carmelo's Fellows
2013,160,,Rueben Randle,WR, $1.00 ,Livin' on a Prater
2013,161,,Dan Bailey,K, $2.00 ,Ted Lasso Hotspurs
2013,162,,Josh Freeman,QB, $2.00 ,SilverLiningsGaybook
2013,163,,DeAndre Hopkins,WR, $1.00 ,Ray Charles
2013,164,,Jordan Cameron,TE, $1.00 ,SilverLiningsGaybook
2013,165,,Michael Bush,RB, $1.00 ,Literally Pretty Bad
2013,166,,Willis McGahee,RB, $1.00 ,Flock of Seageese
2013,167,,Alshon Jeffery,WR, $1.00 ,Newd Gingrich
2013,168,,Christine Michael,RB, $1.00 ,Livin' on a Prater
2013,169,,Sam Bradford,QB, $1.00 ,Chip's Nips
2013,170,,Josh Brown,K, $1.00 ,Ray Charles
2013,171,,Kendall Wright,WR, $1.00 ,Literally Pretty Bad
2013,172,,Ryan Broyles,WR, $1.00 ,Newd Gingrich
2013,173,,Brian Hartline,WR, $1.00 ,Livin' on a Prater
2013,174,,Darrius Heyward-Bey,WR, $1.00 ,Chip's Nips
2013,175,,Pittsburgh,DEF, $1.00 ,Ray Charles
2013,176,,Aaron Dobson,WR, $1.00 ,Literally Pretty Bad
2013,177,,Dallas,DEF, $1.00 ,Livin' on a Prater
2013,178,,Brandon Pettigrew,TE, $1.00 ,Chip's Nips
2013,179,,Ryan Williams,RB, $1.00 ,Literally Pretty Bad
2013,180,,Daniel Thomas,RB, $1.00 ,Literally Pretty Bad
2012,1,,Sebastian Janikowski,K, $1.00 ,African Hair Braids
2012,2,,Justin Blackmon,WR, $8.00 ,Carmelo's Fellows
2012,3,,Ryan Mathews,RB, $29.00 ,African Hair Braids
2012,4,,David Akers,K, $2.00 ,The Gloryhole Days
2012,5,,Arian Foster,RB, $57.00 ,Benarian Fostate
2012,6,,Darren Sproles,RB, $21.00 ,RAYrice Jones-Drew
2012,7,,Victor Cruz,WR, $31.00 ,Cruz Missiles
2012,8,,San Francisco,DEF, $3.00 ,ARE YOU KIDDING ME
2012,9,,Mason Crosby,K, $2.00 ,Caaahl Drogo
2012,10,,Maurice Jones-Drew,RB, $38.00 ,RAYrice Jones-Drew
2012,11,,Mike Vick,QB, $23.00 ,Suck My Vick
2012,12,,Cam Newton,QB, $37.00 ,CHAAARLES PLAY
2012,13,,Rob Gronkowski,TE, $36.00 ,Bagronkadonk
2012,14,,Darren McFadden,RB, $39.00 ,Carmelo's Fellows
2012,15,,Adrian Peterson,RB, $34.00 ,Caaahl Drogo
2012,16,,Stephen Gostkowski,K, $1.00 ,Carmelo's Fellows
2012,17,,Dan Bailey,K, $1.00 ,Suck My Vick
2012,18,,Ray Rice,RB, $60.00 ,RAYrice Jones-Drew
2012,19,,Miles Austin,WR, $25.00 ,Cruz Missiles
2012,20,,LeSean McCoy,RB, $65.00 ,ARE YOU KIDDING ME
2012,21,,Jimmy Graham,TE, $33.00 ,Suck My Vick
2012,22,,Calvin Johnson,WR, $51.00 ,ARE YOU KIDDING ME
2012,23,,Jeremy Maclin,WR, $27.00 ,Suck My Vick
2012,24,,Drew Brees,QB, $47.00 ,Dez Dispenser
2012,25,,Chris Johnson,RB, $42.00 ,African Hair Braids
2012,26,,Zeke Markshausen,WR, $1.00 ,ARE YOU KIDDING ME
2012,27,,A.J. Green,WR, $33.00 ,Caaahl Drogo
2012,28,,Larry Fitzgerald,WR, $37.00 ,Benarian Fostate
2012,29,,Chicago,DEF, $1.00 ,Suck My Vick
2012,30,,Matt Forte,RB, $40.00 ,CHAAARLES PLAY
2012,31,,Fred Jackson,RB, $27.00 ,Dez Dispenser
2012,32,,Aaron Rodgers,QB, $58.00 ,Cruz Missiles
2012,33,,Marshawn Lynch,RB, $28.00 ,Benarian Fostate
2012,34,,Eli Manning,QB, $20.00 ,RAYrice Jones-Drew
2012,35,,Tom Brady,QB, $59.00 ,African Hair Braids
2012,36,,Wes Welker,WR, $31.00 ,CHAAARLES PLAY
2012,37,,Pittsburgh,DEF, $1.00 ,African Hair Braids
2012,38,,Andrew Luck,QB, $9.00 ,The Gloryhole Days
2012,39,,Julio Jones,WR, $35.00 ,The Gloryhole Days
2012,40,,Baltimore,DEF, $1.00 ,Carmelo's Fellows
2012,41,,Roddy White,WR, $35.00 ,Dez Dispenser
2012,42,,Matthew Stafford,QB, $49.00 ,Bagronkadonk
2012,43,,Kenny Britt,WR, $10.00 ,Dez Dispenser
2012,44,,Andre Johnson,WR, $40.00 ,Suck My Vick
2012,45,,Philip Rivers,QB, $15.00 ,The Gloryhole Days
2012,46,,Jamaal Charles,RB, $31.00 ,CHAAARLES PLAY
2012,47,,Mike Wallace,WR, $33.00 ,The Gloryhole Days
2012,48,,Michael Turner,RB, $29.00 ,The Gloryhole Days
2012,49,,Andy Dalton,QB, $6.00 ,Dez Dispenser
2012,50,,Emil Igwenagu (In,TE, $1.00 ,ARE YOU KIDDING ME
2012,51,,Greg Jennings,WR, $38.00 ,Benarian Fostate
2012,52,,Hakeem Nicks,WR, $37.00 ,ARE YOU KIDDING ME
2012,53,,Trent Richardson,RB, $33.00 ,Caaahl Drogo
2012,54,,Tony Romo,QB, $19.00 ,Caaahl Drogo
2012,55,,Jermichael Finley,TE, $18.00 ,The Gloryhole Days
2012,56,,Detroit,DEF, $1.00 ,Benarian Fostate
2012,57,,Brandon Marshall,WR, $42.00 ,Carmelo's Fellows
2012,58,,Reggie Bush,RB, $21.00 ,Dez Dispenser
2012,59,,Steven Jackson,RB, $31.00 ,Bagronkadonk
2012,60,,Dez Bryant,WR, $21.00 ,Dez Dispenser
2012,61,,Peyton Manning,QB, $12.00 ,Caaahl Drogo
2012,62,,James Starks,RB, $5.00 ,ARE YOU KIDDING ME
2012,63,,Marques Colston,WR, $24.00 ,RAYrice Jones-Drew
2012,64,,Matt Ryan,QB, $16.00 ,Carmelo's Fellows
2012,65,,DeMarco Murray,RB, $36.00 ,CHAAARLES PLAY
2012,66,,Jordy Nelson,WR, $28.00 ,Caaahl Drogo
2012,67,,Doug Martin,RB, $16.00 ,Carmelo's Fellows
2012,68,,Garrett Hartley,K, $1.00 ,Benarian Fostate
2012,69,,Ahmad Bradshaw,RB, $25.00 ,Cruz Missiles
2012,70,,Frank Gore,RB, $29.00 ,Suck My Vick
2012,71,,Demaryius Thomas,WR, $24.00 ,Cruz Missiles
2012,72,,Houston,DEF, $1.00 ,Dez Dispenser
2012,73,,Pierre Garcon,WR, $9.00 ,Caaahl Drogo
2012,74,,Jay Cutler,QB, $7.00 ,ARE YOU KIDDING ME
2012,75,,Antonio Gates,TE, $20.00 ,Dez Dispenser
2012,76,,Shonn Greene,RB, $14.00 ,Cruz Missiles
2012,77,,Aaron Hernandez,TE, $20.00 ,Carmelo's Fellows
2012,78,,Percy Harvin,WR, $28.00 ,Carmelo's Fellows
2012,79,,Dwayne Bowe,WR, $18.00 ,African Hair Braids
2012,80,,Vernon Davis,TE, $19.00 ,African Hair Braids
2012,81,,Brandon Lloyd,WR, $22.00 ,Bagronkadonk
2012,82,,Antonio Brown,WR, $20.00 ,Bagronkadonk
2012,83,,Steve Smith Sr.,WR, $29.00 ,Suck My Vick
2012,84,,Laurent Robinson,WR, $1.00 ,Dez Dispenser
2012,85,,Stevie Johnson,WR, $13.00 ,CHAAARLES PLAY
2012,86,,Ben Tate,RB, $9.00 ,Benarian Fostate
2012,87,,Beanie Wells,RB, $9.00 ,Suck My Vick
2012,88,,Vincent Jackson,WR, $15.00 ,RAYrice Jones-Drew
2012,89,,Fred Davis,TE, $9.00 ,Caaahl Drogo
2012,90,,Eric Decker,WR, $20.00 ,Bagronkadonk
2012,91,,DeSean Jackson,WR, $20.00 ,The Gloryhole Days
2012,92,,Torrey Smith,WR, $9.00 ,Carmelo's Fellows
2012,93,,BenJarvus Green-Ellis,RB, $10.00 ,ARE YOU KIDDING ME
2012,94,,Brent Celek,TE, $2.00 ,Suck My Vick
2012,95,,Ben Roethlisberger,QB, $8.00 ,The Gloryhole Days
2012,96,,Robert Griffin III,QB, $10.00 ,African Hair Braids
2012,97,,Darrius Heyward-Bey,WR, $3.00 ,African Hair Braids
2012,98,,Mikel Leshoure,RB, $1.00 ,ARE YOU KIDDING ME
2012,99,,Green Bay,DEF, $2.00 ,Suck My Vick
2012,100,,Jonathan Stewart,RB, $14.00 ,The Gloryhole Days
2012,101,,Ryan Williams,RB, $2.00 ,Bagronkadonk
2012,102,,Jason Witten,TE, $9.00 ,RAYrice Jones-Drew
2012,103,,Philadelphia,DEF, $1.00 ,The Gloryhole Days
2012,104,,Jared Cook,TE, $3.00 ,ARE YOU KIDDING ME
2012,105,,Jason Hanson,K, $2.00 ,ARE YOU KIDDING ME
2012,106,,Jacob Tamme,TE, $1.00 ,Cruz Missiles
2012,107,,Willis McGahee,RB, $14.00 ,Benarian Fostate
2012,108,,Santonio Holmes,WR, $6.00 ,The Gloryhole Days
2012,109,,Mike Williams,WR, $3.00 ,African Hair Braids
2012,110,,Michael Crabtree,WR, $3.00 ,ARE YOU KIDDING ME
2012,111,,New England,DEF, $1.00 ,Caaahl Drogo
2012,112,,Peyton Hillis,RB, $11.00 ,African Hair Braids
2012,113,,Tony Gonzalez,TE, $2.00 ,Benarian Fostate
2012,114,,Matt Schaub,QB, $4.00 ,RAYrice Jones-Drew
2012,115,,Roy Helu Jr.,RB, $8.00 ,The Gloryhole Days
2012,116,,Josh Freeman,QB, $3.00 ,Benarian Fostate
2012,117,,Donald Brown,RB, $7.00 ,Bagronkadonk
2012,118,,Kevin Smith,RB, $7.00 ,Cruz Missiles
2012,119,,Brian Hartline,WR, $1.00 ,CHAAARLES PLAY
2012,120,,Reggie Wayne,WR, $8.00 ,Cruz Missiles
2012,121,,Jacquizz Rodgers,RB, $2.00 ,ARE YOU KIDDING ME
2012,122,,Isaac Redman,RB, $3.00 ,RAYrice Jones-Drew
2012,123,,C.J. Spiller,RB, $7.00 ,Caaahl Drogo
2012,124,,Stevan Ridley,RB, $6.00 ,Carmelo's Fellows
2012,125,,Robert Meachem,WR, $5.00 ,Caaahl Drogo
2012,126,,Matt Prater,K, $1.00 ,RAYrice Jones-Drew
2012,127,,Jahvid Best,RB, $2.00 ,Dez Dispenser
2012,128,,DeAngelo Williams,RB, $5.00 ,Dez Dispenser
2012,129,,David Wilson,RB, $5.00 ,ARE YOU KIDDING ME
2012,130,,Nate Washington,WR, $4.00 ,Bagronkadonk
2012,131,,Carson Palmer,QB, $2.00 ,Bagronkadonk
2012,132,,Greg Little,WR, $2.00 ,Benarian Fostate
2012,133,,Cedric Benson,RB, $3.00 ,Carmelo's Fellows
2012,134,,Michael Bush,RB, $4.00 ,Caaahl Drogo
2012,135,,LeGarrette Blount,RB, $3.00 ,Carmelo's Fellows
2012,136,,Brandon Pettigrew,TE, $4.00 ,Carmelo's Fellows
2012,137,,Anquan Boldin,WR, $2.00 ,Cruz Missiles
2012,138,,Sidney Rice,WR, $2.00 ,Dez Dispenser
2012,139,,Toby Gerhart,RB, $3.00 ,Benarian Fostate
2012,140,,Rashad Jennings,RB, $1.00 ,Bagronkadonk
2012,141,,Davone Bess,WR, $2.00 ,CHAAARLES PLAY
2012,142,,Greg Olsen,TE, $1.00 ,CHAAARLES PLAY
2012,143,,Randy Moss,WR, $2.00 ,Caaahl Drogo
2012,144,,Denarius Moore,WR, $3.00 ,Benarian Fostate
2012,145,,Rashard Mendenhall,RB, $1.00 ,Caaahl Drogo
2012,146,,Joe Flacco,QB, $1.00 ,Carmelo's Fellows
2012,147,,Mark Sanchez,QB, $1.00 ,Suck My Vick
2012,148,,Malcom Floyd,WR, $1.00 ,RAYrice Jones-Drew
2012,149,,Lance Moore,WR, $1.00 ,The Gloryhole Days
2012,150,,Jake Locker,QB, $1.00 ,Benarian Fostate
2012,151,,Mark Ingram,RB, $1.00 ,Bagronkadonk
2012,152,,Alex Smith,QB, $1.00 ,Cruz Missiles
2012,153,,Sam Bradford,QB, $1.00 ,CHAAARLES PLAY
2012,154,,Robbie Gould,K, $1.00 ,Dez Dispenser
2012,155,,Santana Moss,WR, $1.00 ,African Hair Braids
2012,156,,Pierre Thomas,RB, $1.00 ,Suck My Vick
2012,157,,Ronnie Hillman,RB, $1.00 ,RAYrice Jones-Drew
2012,158,,Mike Tolbert,RB, $1.00 ,The Gloryhole Days
2012,159,,Daniel Thomas,RB, $2.00 ,CHAAARLES PLAY
2012,160,,Joe McKnight,RB, $1.00 ,Bagronkadonk
2012,161,,Coby Fleener,TE, $1.00 ,Cruz Missiles
2012,162,,Felix Jones,RB, $1.00 ,CHAAARLES PLAY
2012,163,,Tim Hightower,RB, $2.00 ,CHAAARLES PLAY
2012,164,,Mario Manningham,WR, $1.00 ,African Hair Braids
2012,165,,Evan Royster,RB, $1.00 ,Suck My Vick
2012,166,,Jermaine Gresham,TE, $2.00 ,Bagronkadonk
2012,167,,Titus Young,WR, $1.00 ,Benarian Fostate
2012,168,,Seattle,DEF, $2.00 ,Bagronkadonk
2012,169,,Shane Vereen,RB, $1.00 ,Cruz Missiles
2012,170,,John Kasay,K, $1.00 ,CHAAARLES PLAY
2012,171,,Nate Burleson,WR, $1.00 ,Dez Dispenser
2012,172,,Doug Baldwin,WR, $1.00 ,African Hair Braids
2012,173,,Ryan Fitzpatrick,QB, $1.00 ,Suck My Vick
2012,174,,New York,DEF, $1.00 ,RAYrice Jones-Drew
2012,175,,Alex Henery,K, $1.00 ,Cruz Missiles
2012,176,,Atlanta,DEF, $1.00 ,CHAAARLES PLAY
2012,177,,Owen Daniels,TE, $1.00 ,African Hair Braids
2012,178,,Michael Floyd,WR, $1.00 ,RAYrice Jones-Drew
2012,179,,Buffalo,DEF, $1.00 ,Cruz Missiles
2012,180,,Dustin Keller,TE, $1.00 ,RAYrice Jones-Drew
2011,1,,Mason Crosby,K, $1.00 ,youknowme
2011,2,,Arian Foster,RB, $53.00 ,Caaahl Drogo
2011,3,,Chris Johnson,RB, $49.00 ,Freeman Fighters
2011,4,,Nate Kaeding,K, $2.00 ,Mr. Steal-Your-Girl
2011,5,,Peyton Manning,QB, $25.00 ,TheKingInTheNORTH
2011,6,,Adrian Peterson,RB, $54.00 ,TheKingInTheNORTH
2011,7,,Stephen Gostkowski,K, $2.00 ,Rockout w ur Lockout
2011,8,,Larry Fitzgerald,WR, $40.00 ,TheKingInTheNORTH
2011,9,,Aaron Rodgers,QB, $43.00 ,Felix Felicis
2011,10,,LeSean McCoy,RB, $43.00 ,Lewdman Bagman
2011,11,,Calvin Johnson,WR, $42.00 ,BUT He's Gay (Blind)
2011,12,,Neil Rackers,K, $1.00 ,Scabies Smurf
2011,13,,Green Bay,DEF, $4.00 ,Rockout w ur Lockout
2011,14,,Garrett Hartley,K, $1.00 ,Caaahl Drogo
2011,15,,Alex Henery,K, $1.00 ,Freeman Fighters
2011,16,,Sebastian Janikowski,K, $1.00 ,The North Remembers
2011,17,,Matt Bryant,K, $1.00 ,TheKingInTheNORTH
2011,18,,Miles Austin,WR, $34.00 ,youknowme
2011,19,,Billy Cundiff,K, $1.00 ,Carmelo's Fellows
2011,20,,Hakeem Nicks,WR, $40.00 ,BUT He's Gay (Blind)
2011,21,,Andre Johnson,WR, $47.00 ,Rockout w ur Lockout
2011,22,,Michael Turner,RB, $44.00 ,youknowme
2011,23,,Jamaal Charles,RB, $49.00 ,Mr. Steal-Your-Girl
2011,24,,Greg Jennings,WR, $43.00 ,Freeman Fighters
2011,25,,Antonio Gates,TE, $26.00 ,Lewdman Bagman
2011,26,,Mike Vick,QB, $42.00 ,Lewdman Bagman
2011,27,,Anquan Boldin,WR, $20.00 ,Freeman Fighters
2011,28,,Philip Rivers,QB, $36.00 ,Carmelo's Fellows
2011,29,,Jermichael Finley,TE, $27.00 ,Felix Felicis
2011,30,,Philadelphia,DEF, $3.00 ,The North Remembers
2011,31,,Drew Brees,QB, $41.00 ,Rockout w ur Lockout
2011,32,,Dallas Clark,TE, $20.00 ,TheKingInTheNORTH
2011,33,,Roddy White,WR, $46.00 ,youknowme
2011,34,,Ray Rice,RB, $54.00 ,youknowme
2011,35,,Frank Gore,RB, $36.00 ,Scabies Smurf
2011,36,,Pittsburgh,DEF, $4.00 ,BUT He's Gay (Blind)
2011,37,,Matt Forte,RB, $34.00 ,Caaahl Drogo
2011,38,,Darren McFadden,RB, $41.00 ,BUT He's Gay (Blind)
2011,39,,Marshawn Lynch,RB, $12.00 ,Freeman Fighters
2011,40,,Vernon Davis,TE, $20.00 ,Rockout w ur Lockout
2011,41,,New York,DEF, $3.00 ,TheKingInTheNORTH
2011,42,,Plaxico Burress,WR, $7.00 ,Lewdman Bagman
2011,43,,Tom Brady,QB, $41.00 ,Rockout w ur Lockout
2011,44,,Maurice Jones-Drew,RB, $44.00 ,Carmelo's Fellows
2011,45,,Reggie Wayne,WR, $38.00 ,Caaahl Drogo
2011,46,,Tony Romo,QB, $29.00 ,Mr. Steal-Your-Girl
2011,47,,Shonn Greene,RB, $31.00 ,Scabies Smurf
2011,48,,Ben Roethlisberger,QB, $17.00 ,The North Remembers
2011,49,,Vincent Jackson,WR, $38.00 ,The North Remembers
2011,50,,Chad Johnson,WR, $12.00 ,Lewdman Bagman
2011,51,,Percy Harvin,WR, $13.00 ,Mr. Steal-Your-Girl
2011,52,,Jason Witten,TE, $22.00 ,BUT He's Gay (Blind)
2011,53,,Jeremy Maclin,WR, $24.00 ,Mr. Steal-Your-Girl
2011,54,,Mike Williams,WR, $31.00 ,Mr. Steal-Your-Girl
2011,55,,Matt Schaub,QB, $16.00 ,Scabies Smurf
2011,56,,DeSean Jackson,WR, $30.00 ,The North Remembers
2011,57,,Eli Manning,QB, $8.00 ,BUT He's Gay (Blind)
2011,58,,Rashard Mendenhall,RB, $48.00 ,The North Remembers
2011,59,,Peyton Hillis,RB, $31.00 ,Rockout w ur Lockout
2011,60,,Baltimore,DEF, $2.00 ,Caaahl Drogo
2011,61,,Chicago,DEF, $2.00 ,Scabies Smurf
2011,62,,Dwayne Bowe,WR, $32.00 ,Scabies Smurf
2011,63,,Mike Thomas,WR, $6.00 ,Freeman Fighters
2011,64,,DeAngelo Williams,RB, $19.00 ,Felix Felicis
2011,65,,Ahmad Bradshaw,RB, $29.00 ,BUT He's Gay (Blind)
2011,66,,New England,DEF, $3.00 ,Carmelo's Fellows
2011,67,,Matt Ryan,QB, $14.00 ,Caaahl Drogo
2011,68,,Mike Wallace,WR, $40.00 ,Lewdman Bagman
2011,69,,LeGarrette Blount,RB, $25.00 ,Carmelo's Fellows
2011,70,,Steven Jackson,RB, $33.00 ,Scabies Smurf
2011,71,,Santonio Holmes,WR, $19.00 ,Carmelo's Fellows
2011,72,,Kellen Winslow,TE, $11.00 ,Mr. Steal-Your-Girl
2011,73,,New Orleans,DEF, $2.00 ,Mr. Steal-Your-Girl
2011,74,,Marques Colston,WR, $25.00 ,Carmelo's Fellows
2011,75,,Josh Freeman,QB, $6.00 ,Freeman Fighters
2011,76,,Owen Daniels,TE, $13.00 ,Caaahl Drogo
2011,77,,Dez Bryant,WR, $26.00 ,Felix Felicis
2011,78,,Mark Ingram,RB, $14.00 ,Mr. Steal-Your-Girl
2011,79,,Matthew Stafford,QB, $5.00 ,The North Remembers
2011,80,,Wes Welker,WR, $21.00 ,Felix Felicis
2011,81,,Cedric Benson,RB, $13.00 ,Mr. Steal-Your-Girl
2011,82,,Ryan Williams,RB, $7.00 ,TheKingInTheNORTH
2011,83,,Stevie Johnson,WR, $22.00 ,Scabies Smurf
2011,84,,Kenny Britt,WR, $10.00 ,The North Remembers
2011,85,,Jahvid Best,RB, $15.00 ,Felix Felicis
2011,86,,Brandon Lloyd,WR, $24.00 ,Carmelo's Fellows
2011,87,,Visanthe Shiancoe,TE, $3.00 ,Freeman Fighters
2011,88,,Jimmy Graham,TE, $9.00 ,Carmelo's Fellows
2011,89,,Tony Gonzalez,TE, $6.00 ,Scabies Smurf
2011,90,,Kyle Orton,QB, $3.00 ,Mr. Steal-Your-Girl
2011,91,,Daniel Thomas,RB, $18.00 ,TheKingInTheNORTH
2011,92,,Knowshon Moreno,RB, $16.00 ,The North Remembers
2011,93,,Brandon Marshall,WR, $18.00 ,TheKingInTheNORTH
2011,94,,Ryan Mathews,RB, $17.00 ,The North Remembers
2011,95,,Austin Collie,WR, $14.00 ,Caaahl Drogo
2011,96,,Jay Cutler,QB, $2.00 ,youknowme
2011,97,,Ryan Grant,RB, $12.00 ,Freeman Fighters
2011,98,,Mario Manningham,WR, $13.00 ,Caaahl Drogo
2011,99,,Joe Flacco,QB, $6.00 ,Freeman Fighters
2011,100,,Jonathan Stewart,RB, $6.00 ,The North Remembers
2011,101,,Steve Smith Sr.,WR, $9.00 ,TheKingInTheNORTH
2011,102,,Rob Gronkowski,TE, $3.00 ,Mr. Steal-Your-Girl
2011,103,,Sam Bradford,QB, $4.00 ,Lewdman Bagman
2011,104,,Felix Jones,RB, $8.00 ,Felix Felicis
2011,105,,James Starks,RB, $3.00 ,BUT He's Gay (Blind)
2011,106,,Joseph Addai,RB, $4.00 ,Rockout w ur Lockout
2011,107,,Fred Jackson,RB, $13.00 ,Freeman Fighters
2011,108,,Julio Jones,WR, $8.00 ,Lewdman Bagman
2011,109,,Greg Olsen,TE, $1.00 ,youknowme
2011,110,,BenJarvus Green-Ellis,RB, $13.00 ,Caaahl Drogo
2011,111,,Sidney Rice,WR, $6.00 ,Freeman Fighters
2011,112,,Zach Miller,TE, $4.00 ,Rockout w ur Lockout
2011,113,,Santana Moss,WR, $5.00 ,Scabies Smurf
2011,114,,Mike Tolbert,RB, $7.00 ,Felix Felicis
2011,115,,Mark Sanchez,QB, $1.00 ,Carmelo's Fellows
2011,116,,Brandon Jacobs,RB, $5.00 ,Felix Felicis
2011,117,,Danny Woodhead,RB, $1.00 ,BUT He's Gay (Blind)
2011,118,,A.J. Green,WR, $5.00 ,The North Remembers
2011,119,,Beanie Wells,RB, $8.00 ,Carmelo's Fellows
2011,120,,Matt Cassel,QB, $3.00 ,Scabies Smurf
2011,121,,Pierre Garcon,WR, $7.00 ,Scabies Smurf
2011,122,,Kevin Kolb,QB, $4.00 ,Felix Felicis
2011,123,,Dustin Keller,TE, $5.00 ,Freeman Fighters
2011,124,,Marcedes Lewis,TE, $3.00 ,Felix Felicis
2011,125,,Mike Sims-Walker,WR, $7.00 ,Freeman Fighters
2011,126,,Reggie Bush,RB, $5.00 ,Lewdman Bagman
2011,127,,Aaron Hernandez,TE, $2.00 ,BUT He's Gay (Blind)
2011,128,,Tim Hightower,RB, $9.00 ,Felix Felicis
2011,129,,Montario Hardesty,RB, $2.00 ,Carmelo's Fellows
2011,130,,Jordy Nelson,WR, $2.00 ,Felix Felicis
2011,131,,C.J. Spiller,RB, $5.00 ,Lewdman Bagman
2011,132,,Michael Bush,RB, $4.00 ,BUT He's Gay (Blind)
2011,133,,Johnny Knox,WR, $3.00 ,youknowme
2011,134,,Malcom Floyd,WR, $6.00 ,youknowme
2011,135,,Detroit,DEF, $1.00 ,Freeman Fighters
2011,136,,Pierre Thomas,RB, $4.00 ,Felix Felicis
2011,137,,Hines Ward,WR, $2.00 ,Scabies Smurf
2011,138,,Thomas Jones,RB, $1.00 ,Mr. Steal-Your-Girl
2011,139,,Robert Meachem,WR, $2.00 ,Felix Felicis
2011,140,,Adam Vinatieri,K, $1.00 ,BUT He's Gay (Blind)
2011,141,,Rashad Jennings,RB, $2.00 ,Lewdman Bagman
2011,142,,New York,DEF, $1.00 ,Lewdman Bagman
2011,143,,Brandon Pettigrew,TE, $2.00 ,The North Remembers
2011,144,,San Diego,DEF, $2.00 ,youknowme
2011,145,,Ryan Torain,RB, $1.00 ,Caaahl Drogo
2011,146,,Lance Moore,WR, $2.00 ,youknowme
2011,147,,LaDainian Tomlinson,RB, $2.00 ,Scabies Smurf
2011,148,,Michael Crabtree,WR, $1.00 ,Mr. Steal-Your-Girl
2011,149,,Deion Branch,WR, $2.00 ,Lewdman Bagman
2011,150,,Danny Amendola,WR, $4.00 ,Mr. Steal-Your-Girl
2011,151,,Roy Williams,WR, $2.00 ,Lewdman Bagman
2011,152,,Robbie Gould,K, $1.00 ,Lewdman Bagman
2011,153,,Chris Cooley,TE, $1.00 ,Scabies Smurf
2011,154,,Brent Celek,TE, $1.00 ,youknowme
2011,155,,Ryan Fitzpatrick,QB, $2.00 ,youknowme
2011,156,,Braylon Edwards,WR, $1.00 ,The North Remembers
2011,157,,Jerome Simpson,WR, $1.00 ,TheKingInTheNORTH
2011,158,,Davone Bess,WR, $1.00 ,Carmelo's Fellows
2011,159,,Mike Williams,WR, $1.00 ,BUT He's Gay (Blind)
2011,160,,Darren Sproles,RB, $1.00 ,Rockout w ur Lockout
2011,161,,Ronnie Brown,RB, $1.00 ,youknowme
2011,162,,Jacoby Ford,WR, $1.00 ,Caaahl Drogo
2011,163,,Roy Helu Jr.,RB, $1.00 ,The North Remembers
2011,164,,Jared Cook,TE, $1.00 ,TheKingInTheNORTH
2011,165,,Lance Kendricks,TE, $1.00 ,Carmelo's Fellows
2011,166,,Tashard Choice,RB, $1.00 ,BUT He's Gay (Blind)
2011,167,,Danario Alexander,WR, $1.00 ,Rockout w ur Lockout
2011,168,,Dallas,DEF, $1.00 ,youknowme
2011,169,,David Garrard,QB, $1.00 ,Caaahl Drogo
2011,170,,Cam Newton,QB, $1.00 ,TheKingInTheNORTH
2011,171,,Donald Brown,RB, $1.00 ,Carmelo's Fellows
2011,172,,Lee Evans,WR, $1.00 ,BUT He's Gay (Blind)
2011,173,,Delone Carter,RB, $1.00 ,Rockout w ur Lockout
2011,174,,Jermaine Gresham,TE, $1.00 ,Caaahl Drogo
2011,175,,Willis McGahee,RB, $1.00 ,TheKingInTheNORTH
2011,176,,Jason Snelling,RB, $1.00 ,Rockout w ur Lockout
2011,177,,San Francisco,DEF, $1.00 ,Caaahl Drogo
2011,178,,Denarius Moore,WR, $1.00 ,TheKingInTheNORTH
2011,179,,Jacoby Jones,WR, $1.00 ,Rockout w ur Lockout
2011,180,,David Buehler,K, $1.00 ,Rockout w ur Lockout
